id,name,brand,price,size,category,image_url
1001,Milk 2 Percent,Meadow Farms,3.49,1 gal,Dairy,https://dummyimage.com/600x400/ededed/333.png&text=Milk+2+Percent
1002,Milk 2 Percent,Great Valley,2.99,0.5 gal,Dairy,https://dummyimage.com/600x400/ededed/333.png&text=Milk+2+Percent
1003,Milk 2 Percent,Happy Cow,1.59,1 qt,Dairy,https://dummyimage.com/600x400/ededed/333.png&text=Milk+2+Percent
1004,Milk 2 Percent,Lakeview Dairy,4.19,1 gal,Dairy,https://dummyimage.com/600x400/ededed/333.png&text=Milk+2+Percent
1005,Milk 2 Percent,Daily Choice,3.29,0.75 gal,Dairy,https://dummyimage.com/600x400/ededed/333.png&text=Milk+2+Percent
1006,Eggs Large,Sunrise,2.49,12 ct,Dairy,https://dummyimage.com/600x400/ededed/333.png&text=Eggs+Large
1007,Eggs Large,Farm Fresh,4.79,18 ct,Dairy,https://dummyimage.com/600x400/ededed/333.png&text=Eggs+Large
1008,Eggs Large,Happy Hen,1.69,6 ct,Dairy,https://dummyimage.com/600x400/ededed/333.png&text=Eggs+Large
1009,Eggs Large,Pasture Gold,5.49,12 ct,Dairy,https://dummyimage.com/600x400/ededed/333.png&text=Eggs+Large
1010,Eggs Large,Everyday,3.19,12 ct,Dairy,https://dummyimage.com/600x400/ededed/333.png&text=Eggs+Large
1011,Banana,Premium,0.59,1 lb,Produce,https://dummyimage.com/600x400/ededed/333.png&text=Banana
1012,Banana,Tropical,1.09,2 lb,Produce,https://dummyimage.com/600x400/ededed/333.png&text=Banana
1013,Banana,Everyday,0.72,1.25 lb,Produce,https://dummyimage.com/600x400/ededed/333.png&text=Banana
1014,Banana,Green Valley,0.55,1 lb,Produce,https://dummyimage.com/600x400/ededed/333.png&text=Banana
1015,Banana,Market Basket,2.49,5 lb,Produce,https://dummyimage.com/600x400/ededed/333.png&text=Banana
1016,Apple Gala,Orchard Pride,1.99,1 lb,Produce,https://dummyimage.com/600x400/ededed/333.png&text=Apple+Gala
1017,Apple Gala,Mountain Mist,3.49,2 lb,Produce,https://dummyimage.com/600x400/ededed/333.png&text=Apple+Gala
1018,Apple Gala,Everyday,4.99,3 lb,Produce,https://dummyimage.com/600x400/ededed/333.png&text=Apple+Gala
1019,Apple Gala,Fresh Fields,0.99,0.75 lb,Produce,https://dummyimage.com/600x400/ededed/333.png&text=Apple+Gala
1020,Apple Gala,Harvest Lane,6.99,5 lb,Produce,https://dummyimage.com/600x400/ededed/333.png&text=Apple+Gala
1021,Bread Whole Wheat,Homestead,2.49,20 oz,Bakery,https://dummyimage.com/600x400/ededed/333.png&text=Bread+Whole+Wheat
1022,Bread Whole Wheat,Golden Crust,3.29,24 oz,Bakery,https://dummyimage.com/600x400/ededed/333.png&text=Bread+Whole+Wheat
1023,Bread Whole Wheat,Daily Loaf,1.99,18 oz,Bakery,https://dummyimage.com/600x400/ededed/333.png&text=Bread+Whole+Wheat
1024,Bread Whole Wheat,Artisan Mill,3.79,22 oz,Bakery,https://dummyimage.com/600x400/ededed/333.png&text=Bread+Whole+Wheat
1025,Bread Whole Wheat,Value Slice,1.49,16 oz,Bakery,https://dummyimage.com/600x400/ededed/333.png&text=Bread+Whole+Wheat
1026,Chicken Breast,Field Gate,6.99,1 lb,Meat,https://dummyimage.com/600x400/ededed/333.png&text=Chicken+Breast
1027,Chicken Breast,Butcher Best,12.99,2 lb,Meat,https://dummyimage.com/600x400/ededed/333.png&text=Chicken+Breast
1028,Chicken Breast,Lean Life,9.49,1.5 lb,Meat,https://dummyimage.com/600x400/ededed/333.png&text=Chicken+Breast
1029,Chicken Breast,Family Pack,18.99,3 lb,Meat,https://dummyimage.com/600x400/ededed/333.png&text=Chicken+Breast
1030,Chicken Breast,Everyday,5.49,0.8 lb,Meat,https://dummyimage.com/600x400/ededed/333.png&text=Chicken+Breast
1031,Ground Beef 80 20,Butcher Best,5.49,1 lb,Meat,https://dummyimage.com/600x400/ededed/333.png&text=Ground+Beef+80+20
1032,Ground Beef 80 20,Family Pack,19.99,4 lb,Meat,https://dummyimage.com/600x400/ededed/333.png&text=Ground+Beef+80+20
1033,Ground Beef 80 20,Prime Choice,6.29,1 lb,Meat,https://dummyimage.com/600x400/ededed/333.png&text=Ground+Beef+80+20
1034,Ground Beef 80 20,Value Kitchen,9.49,2 lb,Meat,https://dummyimage.com/600x400/ededed/333.png&text=Ground+Beef+80+20
1035,Ground Beef 80 20,Local Ranch,5.99,0.9 lb,Meat,https://dummyimage.com/600x400/ededed/333.png&text=Ground+Beef+80+20
1036,Greek Yogurt,Alpine,0.99,5.3 oz,Dairy,https://dummyimage.com/600x400/ededed/333.png&text=Greek+Yogurt
1037,Greek Yogurt,Valley Creamery,3.99,32 oz,Dairy,https://dummyimage.com/600x400/ededed/333.png&text=Greek+Yogurt
1038,Greek Yogurt,ProActive,4.99,40 oz,Dairy,https://dummyimage.com/600x400/ededed/333.png&text=Greek+Yogurt
1039,Greek Yogurt,Everyday,1.79,2 ct,Dairy,https://dummyimage.com/600x400/ededed/333.png&text=Greek+Yogurt
1040,Greek Yogurt,Protein Plus,1.29,6 oz,Dairy,https://dummyimage.com/600x400/ededed/333.png&text=Greek+Yogurt
1041,Orange Juice,Pure Press,3.49,59 oz,Beverages,https://dummyimage.com/600x400/ededed/333.png&text=Orange+Juice
1042,Orange Juice,Sunrise,4.99,89 oz,Beverages,https://dummyimage.com/600x400/ededed/333.png&text=Orange+Juice
1043,Orange Juice,No Pulp,2.29,52 oz,Beverages,https://dummyimage.com/600x400/ededed/333.png&text=Orange+Juice
1044,Orange Juice,With Pulp,1.49,12 oz,Beverages,https://dummyimage.com/600x400/ededed/333.png&text=Orange+Juice
1045,Orange Juice,Calcium Added,3.79,59 oz,Beverages,https://dummyimage.com/600x400/ededed/333.png&text=Orange+Juice
1046,Cheddar Cheese,Heritage,3.99,8 oz,Dairy,https://dummyimage.com/600x400/ededed/333.png&text=Cheddar+Cheese
1047,Cheddar Cheese,Block House,6.99,16 oz,Dairy,https://dummyimage.com/600x400/ededed/333.png&text=Cheddar+Cheese
1048,Cheddar Cheese,Shredded Mix,2.79,7 oz,Dairy,https://dummyimage.com/600x400/ededed/333.png&text=Cheddar+Cheese
1049,Cheddar Cheese,Sharp Reserve,4.49,10 oz,Dairy,https://dummyimage.com/600x400/ededed/333.png&text=Cheddar+Cheese
1050,Cheddar Cheese,Value Pack,7.49,24 oz,Dairy,https://dummyimage.com/600x400/ededed/333.png&text=Cheddar+Cheese
1051,Black Beans Canned,Pantry Pro,0.99,15 oz,Canned Goods,https://dummyimage.com/600x400/ededed/333.png&text=Black+Beans+Canned
1052,Black Beans Canned,Daily Pantry,0.79,15 oz,Canned Goods,https://dummyimage.com/600x400/ededed/333.png&text=Black+Beans+Canned
1053,Black Beans Canned,Organic Roots,1.49,15 oz,Canned Goods,https://dummyimage.com/600x400/ededed/333.png&text=Black+Beans+Canned
1054,Black Beans Canned,Chef Select,2.59,28 oz,Canned Goods,https://dummyimage.com/600x400/ededed/333.png&text=Black+Beans+Canned
1055,Black Beans Canned,Value Tin,0.69,15 oz,Canned Goods,https://dummyimage.com/600x400/ededed/333.png&text=Black+Beans+Canned
1056,Spaghetti,Pastabella,1.49,16 oz,Pantry,https://dummyimage.com/600x400/ededed/333.png&text=Spaghetti
1057,Spaghetti,Golden Grain,1.29,16 oz,Pantry,https://dummyimage.com/600x400/ededed/333.png&text=Spaghetti
1058,Spaghetti,Value Noodles,0.99,16 oz,Pantry,https://dummyimage.com/600x400/ededed/333.png&text=Spaghetti
1059,Spaghetti,Whole Wheat,1.79,13.25 oz,Pantry,https://dummyimage.com/600x400/ededed/333.png&text=Spaghetti
1060,Spaghetti,Gluten Free,2.99,12 oz,Pantry,https://dummyimage.com/600x400/ededed/333.png&text=Spaghetti
1061,Marinara Sauce,Nonna Mia,2.49,24 oz,Pantry,https://dummyimage.com/600x400/ededed/333.png&text=Marinara+Sauce
1062,Marinara Sauce,Rustic Jar,4.99,32 oz,Pantry,https://dummyimage.com/600x400/ededed/333.png&text=Marinara+Sauce
1063,Marinara Sauce,Value Kitchen,1.79,24 oz,Pantry,https://dummyimage.com/600x400/ededed/333.png&text=Marinara+Sauce
1064,Marinara Sauce,No Added Sugar,3.49,25 oz,Pantry,https://dummyimage.com/600x400/ededed/333.png&text=Marinara+Sauce
1065,Marinara Sauce,Organic Roots,5.99,23.5 oz,Pantry,https://dummyimage.com/600x400/ededed/333.png&text=Marinara+Sauce
1066,Rice Long Grain,Sunfield,2.79,2 lb,Pantry,https://dummyimage.com/600x400/ededed/333.png&text=Rice+Long+Grain
1067,Rice Long Grain,Harvest Bag,5.49,5 lb,Pantry,https://dummyimage.com/600x400/ededed/333.png&text=Rice+Long+Grain
1068,Rice Long Grain,Quick Cook,1.49,14 oz,Pantry,https://dummyimage.com/600x400/ededed/333.png&text=Rice+Long+Grain
1069,Rice Long Grain,Jasmine Home,8.99,10 lb,Pantry,https://dummyimage.com/600x400/ededed/333.png&text=Rice+Long+Grain
1070,Rice Long Grain,Everyday,1.79,1 lb,Pantry,https://dummyimage.com/600x400/ededed/333.png&text=Rice+Long+Grain
1071,Olive Oil Extra Virgin,Terra Doro,7.99,16.9 oz,Pantry,https://dummyimage.com/600x400/ededed/333.png&text=Olive+Oil+Extra+Virgin
1072,Olive Oil Extra Virgin,Cold Press,12.99,25.4 oz,Pantry,https://dummyimage.com/600x400/ededed/333.png&text=Olive+Oil+Extra+Virgin
1073,Olive Oil Extra Virgin,Family Tin,19.99,101 oz,Pantry,https://dummyimage.com/600x400/ededed/333.png&text=Olive+Oil+Extra+Virgin
1074,Olive Oil Extra Virgin,Value Select,5.99,12.7 oz,Pantry,https://dummyimage.com/600x400/ededed/333.png&text=Olive+Oil+Extra+Virgin
1075,Olive Oil Extra Virgin,Organic Roots,9.49,16.9 oz,Pantry,https://dummyimage.com/600x400/ededed/333.png&text=Olive+Oil+Extra+Virgin
1076,Butter Salted,Valley Creamery,3.99,16 oz,Dairy,https://dummyimage.com/600x400/ededed/333.png&text=Butter+Salted
1077,Butter Salted,Pasture Gold,2.49,8 oz,Dairy,https://dummyimage.com/600x400/ededed/333.png&text=Butter+Salted
1078,Butter Salted,European Style,5.99,8 oz,Dairy,https://dummyimage.com/600x400/ededed/333.png&text=Butter+Salted
1079,Butter Salted,Everyday,4.79,16 oz,Dairy,https://dummyimage.com/600x400/ededed/333.png&text=Butter+Salted
1080,Butter Salted,Value Pack,7.49,32 oz,Dairy,https://dummyimage.com/600x400/ededed/333.png&text=Butter+Salted
1081,Cereal Corn Flakes,Morning Bowl,2.99,18 oz,Breakfast,https://dummyimage.com/600x400/ededed/333.png&text=Cereal+Corn+Flakes
1082,Cereal Corn Flakes,Crisp Start,1.99,12 oz,Breakfast,https://dummyimage.com/600x400/ededed/333.png&text=Cereal+Corn+Flakes
1083,Cereal Corn Flakes,Family Size,3.99,24 oz,Breakfast,https://dummyimage.com/600x400/ededed/333.png&text=Cereal+Corn+Flakes
1084,Cereal Corn Flakes,Gluten Free,3.49,16 oz,Breakfast,https://dummyimage.com/600x400/ededed/333.png&text=Cereal+Corn+Flakes
1085,Cereal Corn Flakes,Value Crunch,1.49,12 oz,Breakfast,https://dummyimage.com/600x400/ededed/333.png&text=Cereal+Corn+Flakes
1086,Orange,Sun Coast,1.29,1 lb,Produce,https://dummyimage.com/600x400/ededed/333.png&text=Orange
1087,Orange,Citrus Grove,4.99,4 lb,Produce,https://dummyimage.com/600x400/ededed/333.png&text=Orange
1088,Orange,Everyday,0.89,0.75 lb,Produce,https://dummyimage.com/600x400/ededed/333.png&text=Orange
1089,Orange,Premium Navel,1.79,1 lb,Produce,https://dummyimage.com/600x400/ededed/333.png&text=Orange
1090,Orange,Family Bag,6.99,6 lb,Produce,https://dummyimage.com/600x400/ededed/333.png&text=Orange
1091,Tomato Roma,Vine Fresh,1.49,1 lb,Produce,https://dummyimage.com/600x400/ededed/333.png&text=Tomato+Roma
1092,Tomato Roma,Market Basket,2.79,2 lb,Produce,https://dummyimage.com/600x400/ededed/333.png&text=Tomato+Roma
1093,Tomato Roma,Greenhouse,2.19,1.25 lb,Produce,https://dummyimage.com/600x400/ededed/333.png&text=Tomato+Roma
1094,Tomato Roma,Value,0.99,0.75 lb,Produce,https://dummyimage.com/600x400/ededed/333.png&text=Tomato+Roma
1095,Tomato Roma,Heirloom Mix,3.99,1 lb,Produce,https://dummyimage.com/600x400/ededed/333.png&text=Tomato+Roma
1096,Spinach Baby,Leafy Lane,2.49,8 oz,Produce,https://dummyimage.com/600x400/ededed/333.png&text=Spinach+Baby
1097,Spinach Baby,Fresh Fields,4.49,16 oz,Produce,https://dummyimage.com/600x400/ededed/333.png&text=Spinach+Baby
1098,Spinach Baby,Organic Roots,3.49,10 oz,Produce,https://dummyimage.com/600x400/ededed/333.png&text=Spinach+Baby
1099,Spinach Baby,Value Greens,1.99,8 oz,Produce,https://dummyimage.com/600x400/ededed/333.png&text=Spinach+Baby
1100,Spinach Baby,Triple Wash,2.99,11 oz,Produce,https://dummyimage.com/600x400/ededed/333.png&text=Spinach+Baby
1101,Granola Bars,Trail Time,2.99,10 ct,Snacks,https://dummyimage.com/600x400/ededed/333.png&text=Granola+Bars
1102,Granola Bars,Crunch Bite,1.79,6 ct,Snacks,https://dummyimage.com/600x400/ededed/333.png&text=Granola+Bars
1103,Granola Bars,Protein Pack,4.49,12 ct,Snacks,https://dummyimage.com/600x400/ededed/333.png&text=Granola+Bars
1104,Granola Bars,Chocolate Chip,3.29,10 ct,Snacks,https://dummyimage.com/600x400/ededed/333.png&text=Granola+Bars
1105,Granola Bars,Value Box,4.99,18 ct,Snacks,https://dummyimage.com/600x400/ededed/333.png&text=Granola+Bars
1106,Potato Chips,Sea Salt Co,2.49,8 oz,Snacks,https://dummyimage.com/600x400/ededed/333.png&text=Potato+Chips
1107,Potato Chips,Kettle Crisp,3.49,13 oz,Snacks,https://dummyimage.com/600x400/ededed/333.png&text=Potato+Chips
1108,Potato Chips,Value Crunch,1.49,7 oz,Snacks,https://dummyimage.com/600x400/ededed/333.png&text=Potato+Chips
1109,Potato Chips,Bbq Blaze,2.99,9.5 oz,Snacks,https://dummyimage.com/600x400/ededed/333.png&text=Potato+Chips
1110,Potato Chips,Sour Cream Onion,2.99,9 oz,Snacks,https://dummyimage.com/600x400/ededed/333.png&text=Potato+Chips
1111,Cola Soda,Fizz Up,1.49,2 liter,Beverages,https://dummyimage.com/600x400/ededed/333.png&text=Cola+Soda
1112,Cola Soda,Classic Pop,0.99,1 liter,Beverages,https://dummyimage.com/600x400/ededed/333.png&text=Cola+Soda
1113,Cola Soda,Mini Cans,3.99,8 ct,Beverages,https://dummyimage.com/600x400/ededed/333.png&text=Cola+Soda
1114,Cola Soda,Diet Classic,1.79,2 liter,Beverages,https://dummyimage.com/600x400/ededed/333.png&text=Cola+Soda
1115,Cola Soda,Value Pack,6.49,12 ct,Beverages,https://dummyimage.com/600x400/ededed/333.png&text=Cola+Soda
1116,Coffee Ground,Roaster House,6.99,12 oz,Beverages,https://dummyimage.com/600x400/ededed/333.png&text=Coffee+Ground
1117,Coffee Ground,Dark Roast,9.99,20 oz,Beverages,https://dummyimage.com/600x400/ededed/333.png&text=Coffee+Ground
1118,Coffee Ground,Breakfast Blend,12.99,32 oz,Beverages,https://dummyimage.com/600x400/ededed/333.png&text=Coffee+Ground
1119,Coffee Ground,Single Origin,14.99,24 oz,Beverages,https://dummyimage.com/600x400/ededed/333.png&text=Coffee+Ground
1120,Coffee Ground,Value Brew,4.99,10 oz,Beverages,https://dummyimage.com/600x400/ededed/333.png&text=Coffee+Ground
1121,Tea Black,Highland,2.49,20 ct,Beverages,https://dummyimage.com/600x400/ededed/333.png&text=Tea+Black
1122,Tea Black,English Style,3.99,40 ct,Beverages,https://dummyimage.com/600x400/ededed/333.png&text=Tea+Black
1123,Tea Black,Organic Roots,4.49,36 ct,Beverages,https://dummyimage.com/600x400/ededed/333.png&text=Tea+Black
1124,Tea Black,Everyday,1.49,16 ct,Beverages,https://dummyimage.com/600x400/ededed/333.png&text=Tea+Black
1125,Tea Black,Estate Reserve,6.99,50 ct,Beverages,https://dummyimage.com/600x400/ededed/333.png&text=Tea+Black
1126,Ice Cream Vanilla,Creamery Lane,3.99,48 oz,Frozen,https://dummyimage.com/600x400/ededed/333.png&text=Ice+Cream+Vanilla
1127,Ice Cream Vanilla,Slow Churn,4.99,46 oz,Frozen,https://dummyimage.com/600x400/ededed/333.png&text=Ice+Cream+Vanilla
1128,Ice Cream Vanilla,Lite,3.49,48 oz,Frozen,https://dummyimage.com/600x400/ededed/333.png&text=Ice+Cream+Vanilla
1129,Ice Cream Vanilla,Premium,5.99,1.5 qt,Frozen,https://dummyimage.com/600x400/ededed/333.png&text=Ice+Cream+Vanilla
1130,Ice Cream Vanilla,Value Tub,6.99,64 oz,Frozen,https://dummyimage.com/600x400/ededed/333.png&text=Ice+Cream+Vanilla
1131,Frozen Pizza Pepperoni,Stone Oven,4.99,12 in,Frozen,https://dummyimage.com/600x400/ededed/333.png&text=Frozen+Pizza+Pepperoni
1132,Frozen Pizza Pepperoni,Classic Bake,6.49,16 in,Frozen,https://dummyimage.com/600x400/ededed/333.png&text=Frozen+Pizza+Pepperoni
1133,Frozen Pizza Pepperoni,Thin Crust,3.99,11 in,Frozen,https://dummyimage.com/600x400/ededed/333.png&text=Frozen+Pizza+Pepperoni
1134,Frozen Pizza Pepperoni,Stuffed Crust,7.49,14 in,Frozen,https://dummyimage.com/600x400/ededed/333.png&text=Frozen+Pizza+Pepperoni
1135,Frozen Pizza Pepperoni,Family Size,8.99,18 in,Frozen,https://dummyimage.com/600x400/ededed/333.png&text=Frozen+Pizza+Pepperoni
1136,Peanut Butter,Creamy Spread,2.49,16 oz,Pantry,https://dummyimage.com/600x400/ededed/333.png&text=Peanut+Butter
1137,Peanut Butter,Nut House,4.49,28 oz,Pantry,https://dummyimage.com/600x400/ededed/333.png&text=Peanut+Butter
1138,Peanut Butter,Crunchy,2.79,16 oz,Pantry,https://dummyimage.com/600x400/ededed/333.png&text=Peanut+Butter
1139,Peanut Butter,No Sugar Added,3.99,16 oz,Pantry,https://dummyimage.com/600x400/ededed/333.png&text=Peanut+Butter
1140,Peanut Butter,Value Jar,5.99,40 oz,Pantry,https://dummyimage.com/600x400/ededed/333.png&text=Peanut+Butter
1141,Jelly Grape,Fruitfields,1.99,20 oz,Pantry,https://dummyimage.com/600x400/ededed/333.png&text=Jelly+Grape
1142,Jelly Grape,No Added Sugar,2.79,15 oz,Pantry,https://dummyimage.com/600x400/ededed/333.png&text=Jelly+Grape
1143,Jelly Grape,Organic Roots,3.99,17 oz,Pantry,https://dummyimage.com/600x400/ededed/333.png&text=Jelly+Grape
1144,Jelly Grape,Everyday,1.49,18 oz,Pantry,https://dummyimage.com/600x400/ededed/333.png&text=Jelly+Grape
1145,Jelly Grape,Squeeze Bottle,2.49,19.5 oz,Pantry,https://dummyimage.com/600x400/ededed/333.png&text=Jelly+Grape
1146,Toilet Paper,Soft Cloud,6.99,12 ct,Household,https://dummyimage.com/600x400/ededed/333.png&text=Toilet+Paper
1147,Toilet Paper,Ultra Soft,12.49,24 ct,Household,https://dummyimage.com/600x400/ededed/333.png&text=Toilet+Paper
1148,Toilet Paper,Value Roll,3.99,6 ct,Household,https://dummyimage.com/600x400/ededed/333.png&text=Toilet+Paper
1149,Toilet Paper,Recycled,7.99,12 ct,Household,https://dummyimage.com/600x400/ededed/333.png&text=Toilet+Paper
1150,Toilet Paper,Mega Roll,14.99,18 ct,Household,https://dummyimage.com/600x400/ededed/333.png&text=Toilet+Paper
1151,Laundry Detergent,Fresh Scent,8.99,100 oz,Household,https://dummyimage.com/600x400/ededed/333.png&text=Laundry+Detergent
1152,Laundry Detergent,Free Clear,9.49,92 oz,Household,https://dummyimage.com/600x400/ededed/333.png&text=Laundry+Detergent
1153,Laundry Detergent,Pods Pack,12.99,42 ct,Household,https://dummyimage.com/600x400/ededed/333.png&text=Laundry+Detergent
1154,Laundry Detergent,Concentrate,6.99,64 oz,Household,https://dummyimage.com/600x400/ededed/333.png&text=Laundry+Detergent
1155,Laundry Detergent,Value Jug,15.99,170 oz,Household,https://dummyimage.com/600x400/ededed/333.png&text=Laundry+Detergent
1156,Dish Soap,Lemon Clean,1.99,19 oz,Household,https://dummyimage.com/600x400/ededed/333.png&text=Dish+Soap
1157,Dish Soap,Ultra Grease,2.79,24 oz,Household,https://dummyimage.com/600x400/ededed/333.png&text=Dish+Soap
1158,Dish Soap,Free Clear,2.49,22 oz,Household,https://dummyimage.com/600x400/ededed/333.png&text=Dish+Soap
1159,Dish Soap,Value,1.29,12.6 oz,Household,https://dummyimage.com/600x400/ededed/333.png&text=Dish+Soap
1160,Dish Soap,Refill,4.99,50 oz,Household,https://dummyimage.com/600x400/ededed/333.png&text=Dish+Soap
1161,Paper Towels,Strong Roll,5.99,6 ct,Household,https://dummyimage.com/600x400/ededed/333.png&text=Paper+Towels
1162,Paper Towels,Select A Size,10.99,12 ct,Household,https://dummyimage.com/600x400/ededed/333.png&text=Paper+Towels
1163,Paper Towels,Value Pack,3.49,4 ct,Household,https://dummyimage.com/600x400/ededed/333.png&text=Paper+Towels
1164,Paper Towels,Recycled,6.99,6 ct,Household,https://dummyimage.com/600x400/ededed/333.png&text=Paper+Towels
1165,Paper Towels,Mega,13.49,15 ct,Household,https://dummyimage.com/600x400/ededed/333.png&text=Paper+Towels
1166,Shampoo,Daily Care,3.99,12 oz,Personal Care,https://dummyimage.com/600x400/ededed/333.png&text=Shampoo
1167,Shampoo,Moisture Plus,5.49,18 oz,Personal Care,https://dummyimage.com/600x400/ededed/333.png&text=Shampoo
1168,Shampoo,Color Safe,6.99,22 oz,Personal Care,https://dummyimage.com/600x400/ededed/333.png&text=Shampoo
1169,Shampoo,Tea Tree,7.49,16 oz,Personal Care,https://dummyimage.com/600x400/ededed/333.png&text=Shampoo
1170,Shampoo,Value,2.49,12 oz,Personal Care,https://dummyimage.com/600x400/ededed/333.png&text=Shampoo
1171,Toothpaste,Fresh Mint,2.99,6 oz,Personal Care,https://dummyimage.com/600x400/ededed/333.png&text=Toothpaste
1172,Toothpaste,Whitening,3.99,4.8 oz,Personal Care,https://dummyimage.com/600x400/ededed/333.png&text=Toothpaste
1173,Toothpaste,Sensitive,4.49,4 oz,Personal Care,https://dummyimage.com/600x400/ededed/333.png&text=Toothpaste
1174,Toothpaste,Fluoride Free,3.29,4.7 oz,Personal Care,https://dummyimage.com/600x400/ededed/333.png&text=Toothpaste
1175,Toothpaste,Value Pack,5.99,2 ct,Personal Care,https://dummyimage.com/600x400/ededed/333.png&text=Toothpaste
1176,Baby Diapers,Snug Fit,19.99,36 ct,Baby,https://dummyimage.com/600x400/ededed/333.png&text=Baby+Diapers
1177,Baby Diapers,Overnight,24.99,44 ct,Baby,https://dummyimage.com/600x400/ededed/333.png&text=Baby+Diapers
1178,Baby Diapers,Sensitive,22.99,40 ct,Baby,https://dummyimage.com/600x400/ededed/333.png&text=Baby+Diapers
1179,Baby Diapers,Value Pack,29.99,72 ct,Baby,https://dummyimage.com/600x400/ededed/333.png&text=Baby+Diapers
1180,Baby Diapers,Newborn,12.99,24 ct,Baby,https://dummyimage.com/600x400/ededed/333.png&text=Baby+Diapers
1181,Dog Food Dry,Canine Choice,21.99,15 lb,Pet,https://dummyimage.com/600x400/ededed/333.png&text=Dog+Food+Dry
1182,Dog Food Dry,Active Blend,29.99,20 lb,Pet,https://dummyimage.com/600x400/ededed/333.png&text=Dog+Food+Dry
1183,Dog Food Dry,Grain Free,39.99,22 lb,Pet,https://dummyimage.com/600x400/ededed/333.png&text=Dog+Food+Dry
1184,Dog Food Dry,Value Bag,18.99,13 lb,Pet,https://dummyimage.com/600x400/ededed/333.png&text=Dog+Food+Dry
1185,Dog Food Dry,Senior Care,34.99,18 lb,Pet,https://dummyimage.com/600x400/ededed/333.png&text=Dog+Food+Dry
1186,Cat Litter,Fresh Paws,7.99,20 lb,Pet,https://dummyimage.com/600x400/ededed/333.png&text=Cat+Litter
1187,Cat Litter,Clump Max,12.99,35 lb,Pet,https://dummyimage.com/600x400/ededed/333.png&text=Cat+Litter
1188,Cat Litter,Unscented,9.49,25 lb,Pet,https://dummyimage.com/600x400/ededed/333.png&text=Cat+Litter
1189,Cat Litter,Lightweight,14.99,17 lb,Pet,https://dummyimage.com/600x400/ededed/333.png&text=Cat+Litter
1190,Cat Litter,Value,5.99,15 lb,Pet,https://dummyimage.com/600x400/ededed/333.png&text=Cat+Litter
1191,Flour All Purpose,Bakers Best,2.49,5 lb,Pantry,https://dummyimage.com/600x400/ededed/333.png&text=Flour+All+Purpose
1192,Flour All Purpose,Stone Mill,4.49,10 lb,Pantry,https://dummyimage.com/600x400/ededed/333.png&text=Flour+All+Purpose
1193,Flour All Purpose,Bleached,2.29,5 lb,Pantry,https://dummyimage.com/600x400/ededed/333.png&text=Flour+All+Purpose
1194,Flour All Purpose,Unbleached,2.79,5 lb,Pantry,https://dummyimage.com/600x400/ededed/333.png&text=Flour+All+Purpose
1195,Flour All Purpose,Organic Roots,5.99,5 lb,Pantry,https://dummyimage.com/600x400/ededed/333.png&text=Flour+All+Purpose
1196,Sugar Granulated,Sweet Home,2.99,4 lb,Pantry,https://dummyimage.com/600x400/ededed/333.png&text=Sugar+Granulated
1197,Sugar Granulated,Value,6.49,10 lb,Pantry,https://dummyimage.com/600x400/ededed/333.png&text=Sugar+Granulated
1198,Sugar Granulated,Organic,4.99,4 lb,Pantry,https://dummyimage.com/600x400/ededed/333.png&text=Sugar+Granulated
1199,Sugar Granulated,Extra Fine,3.49,4 lb,Pantry,https://dummyimage.com/600x400/ededed/333.png&text=Sugar+Granulated
1200,Sugar Granulated,Baker Grade,8.99,15 lb,Pantry,https://dummyimage.com/600x400/ededed/333.png&text=Sugar+Granulated
1201,Salt Iodized,Sea Harvest,0.69,26 oz,Pantry,https://dummyimage.com/600x400/ededed/333.png&text=Salt+Iodized
1202,Salt Iodized,Value,0.49,26 oz,Pantry,https://dummyimage.com/600x400/ededed/333.png&text=Salt+Iodized
1203,Salt Iodized,Kosher,2.99,3 lb,Pantry,https://dummyimage.com/600x400/ededed/333.png&text=Salt+Iodized
1204,Salt Iodized,Himalayan,3.49,2 lb,Pantry,https://dummyimage.com/600x400/ededed/333.png&text=Salt+Iodized
1205,Salt Iodized,Sea Salt,1.49,26 oz,Pantry,https://dummyimage.com/600x400/ededed/333.png&text=Salt+Iodized
1206,Black Pepper Ground,Spice Route,2.99,3 oz,Pantry,https://dummyimage.com/600x400/ededed/333.png&text=Black+Pepper+Ground
1207,Black Pepper Ground,Value,1.99,2 oz,Pantry,https://dummyimage.com/600x400/ededed/333.png&text=Black+Pepper+Ground
1208,Black Pepper Ground,Club Size,8.99,12 oz,Pantry,https://dummyimage.com/600x400/ededed/333.png&text=Black+Pepper+Ground
1209,Black Pepper Ground,Organic Roots,4.49,2.3 oz,Pantry,https://dummyimage.com/600x400/ededed/333.png&text=Black+Pepper+Ground
1210,Black Pepper Ground,Premium,5.99,6 oz,Pantry,https://dummyimage.com/600x400/ededed/333.png&text=Black+Pepper+Ground
1211,Chicken Broth,Kitchen Stock,1.29,32 oz,Canned Goods,https://dummyimage.com/600x400/ededed/333.png&text=Chicken+Broth
1212,Chicken Broth,Low Sodium,1.79,32 oz,Canned Goods,https://dummyimage.com/600x400/ededed/333.png&text=Chicken+Broth
1213,Chicken Broth,Organic,2.49,32 oz,Canned Goods,https://dummyimage.com/600x400/ededed/333.png&text=Chicken+Broth
1214,Chicken Broth,Value,0.99,32 oz,Canned Goods,https://dummyimage.com/600x400/ededed/333.png&text=Chicken+Broth
1215,Chicken Broth,Bone Broth,3.99,32 oz,Canned Goods,https://dummyimage.com/600x400/ededed/333.png&text=Chicken+Broth
1216,Tuna Chunk Light,Sea Harbor,0.99,5 oz,Canned Goods,https://dummyimage.com/600x400/ededed/333.png&text=Tuna+Chunk+Light
1217,Tuna Chunk Light,Water Pack,1.29,5 oz,Canned Goods,https://dummyimage.com/600x400/ededed/333.png&text=Tuna+Chunk+Light
1218,Tuna Chunk Light,Albacore,1.99,5 oz,Canned Goods,https://dummyimage.com/600x400/ededed/333.png&text=Tuna+Chunk+Light
1219,Tuna Chunk Light,Family Pack,5.49,4 ct,Canned Goods,https://dummyimage.com/600x400/ededed/333.png&text=Tuna+Chunk+Light
1220,Tuna Chunk Light,Value,0.79,5 oz,Canned Goods,https://dummyimage.com/600x400/ededed/333.png&text=Tuna+Chunk+Light
